{"60000": {"v10v44": 0.37521999999998357, "v18v50": 0.36582999999998495, "v18v51": 0.35907999999998585, "v16v49": 0.36470999999998627, "v16v48": 0.3872399999999842, "v38v70": 0.3450599999999886, "v38v71": 0.33864999999998896, "v27v58": 0.18158000000000085, "v27v59": 0.179780000000001, "v1v47": 0.36589999999998507, "v1v45": 0.3950899999999835, "v1v43": 0.3457599999999889, "v1v41": 0.3554099999999888, "v32v65": 0.3637099999999859, "v32v64": 0.3610299999999877, "v21v52": 0.18207000000000095, "v21v53": 0.17667000000000094, "v0v16": 0.3854999999999843, "v29v61": 0.18318000000000087, "v29v60": 0.17909000000000092, "v0v18": 0.350749999999987, "v36v69": 0.3801999999999872, "v19v51": 0.18567000000000095, "v19v50": 0.17020000000000093, "v43v74": 0.17121000000000094, "v43v75": 0.1815700000000009, "v42v75": 0.369759999999985, "v25v56": 0.17580000000000093, "v31v62": 0.18281000000000094, "v31v63": 0.17687000000000094, "v30v63": 0.3571399999999845, "v30v62": 0.37119999999998626, "v1v23": 0.3646299999999857, "v24v57": 0.36969999999998593, "v0v22": 0.33259999999998957, "v0v20": 0.36112999999998496, "v0v26": 0.37209999999998533, "v0v24": 0.36862999999998713, "v10v46": 0.38151999999998487, "v0v28": 0.3415699999999889, "v10v42": 0.3562099999999857, "v10v40": 0.35449999999998877, "v0v34": 0.3489099999999878, "v45v76": 0.20711000000000104, "v45v77": 0.19252000000000094, "v39v71": 0.17858000000000096, "v10v38": 0.33458999999999045, "v0v38": 0.33435999999998933, "v0v44": 0.3701999999999848, "v1v17": 0.3670599999999866, "v1v19": 0.35038999999998793, "v0v36": 0.3528999999999883, "v0v30": 0.3511199999999873, "v0v32": 0.36362999999998863, "v42v74": 0.35003999999998764, "v0v40": 0.3375599999999899, "v35v66": 0.18136000000000085, "v35v67": 0.18515000000000095, "v28v60": 0.3541199999999859, "v28v61": 0.3500399999999892, "v34v66": 0.3599999999999877, "v44v77": 0.37780999999998416, "v44v76": 0.3771699999999833, "v47v78": 0.19348000000000096, "v47v79": 0.174480000000001, "v22v55": 0.36581999999998527, "v22v54": 0.3414499999999884, "v10v28": 0.3404099999999888, "v39v70": 0.17525000000000093, "v10v20": 0.3708399999999863, "v0v42": 0.35254999999998893, "v34v67": 0.3356599999999877, "v10v24": 0.35163999999998946, "v10v26": 0.35281999999998653, "v40v73": 0.36037999999998827, "v40v72": 0.3472999999999887, "v37v68": 0.1965500000000009, "v37v69": 0.17140000000000094, "v10v16": 0.36226999999998577, "v10v22": 0.3609299999999862, "v10v18": 0.36931999999998494, "v46v79": 0.3869399999999847, "v46v78": 0.3718499999999838, "v1v39": 0.3466299999999904, "v1v37": 0.3582099999999881, "v36v68": 0.36154999999998416, "v1v35": 0.35406999999998895, "v25v57": 0.18487000000000095, "v1v33": 0.34686999999998896, "v1v31": 0.3469399999999885, "v10v32": 0.3408499999999879, "v26v59": 0.3615499999999862, "v26v58": 0.38314999999998406, "v10v30": 0.3557399999999865, "v10v36": 0.36912999999998636, "v10v34": 0.3262699999999902, "v1v29": 0.3458299999999906, "v1v21": 0.35407999999998924, "v23v54": 0.18821000000000102, "v23v55": 0.18426000000000092, "v1v25": 0.35016999999998977, "v1v27": 0.35173999999998795, "v20v53": 0.3904499999999838, "v20v52": 0.35507999999998635, "v0v46": 0.3760899999999839, "v24v56": 0.3671699999999882, "v33v64": 0.17229000000000094, "v33v65": 0.18914000000000097, "v41v72": 0.18316000000000093, "v41v73": 0.1790900000000009, "v17v48": 0.1768100000000009, "v17v49": 0.1916100000000009}}