{"60000": {"v10v44": 0.010743123032708362, "v18v50": 0.010610544683180512, "v18v51": 0.010653311892705625, "v16v49": 0.010182872587929383, "v16v48": 0.010781613521280963, "v38v70": 0.010396708635554947, "v38v71": 0.010353941426029835, "v27v58": 0.0051149582592035035, "v27v59": 0.005461372656356918, "v1v47": 0.010687525660325716, "v1v45": 0.011029663336526618, "v1v43": 0.010161488983166826, "v1v41": 0.010264130286027098, "v32v65": 0.010576330915560421, "v32v64": 0.010328281100314767, "v21v52": 0.0052518133296838646, "v21v53": 0.005085021212535924, "v0v16": 0.01053356370603531, "v29v61": 0.005008040235390721, "v29v60": 0.005162002189681127, "v0v18": 0.01053784042698782, "v36v69": 0.010448029286985083, "v19v51": 0.0053630080744491585, "v19v50": 0.005234706445873819, "v43v74": 0.005110681538250992, "v43v75": 0.005247536608731353, "v42v75": 0.01076878335842343, "v25v56": 0.005162002189681127, "v31v62": 0.005290303818256467, "v31v63": 0.005247536608731353, "v30v63": 0.010644758450800602, "v30v62": 0.01037104830983988, "v1v23": 0.01064048172984809, "v24v57": 0.010760229916518408, "v0v22": 0.010161488983166826, "v0v20": 0.010811550567948542, "v0v26": 0.010700355823183249, "v0v24": 0.01007167784316409, "v10v46": 0.01063620500889558, "v0v28": 0.009832181469823457, "v10v42": 0.010311174216504721, "v10v40": 0.010268407006979608, "v0v34": 0.010007527028876419, "v45v76": 0.005739359518270152, "v45v77": 0.00540149856302176, "v39v71": 0.005290303818256467, "v10v38": 0.010110168331736691, "v0v38": 0.010144382099356782, "v0v44": 0.010563500752702888, "v1v17": 0.010182872587929383, "v1v19": 0.010486519775557684, "v0v36": 0.01017431914602436, "v0v30": 0.010054570959354045, "v0v32": 0.010229916518407007, "v42v74": 0.010302620774599699, "v0v40": 0.010131551936499247, "v35v66": 0.0050165936772957435, "v35v67": 0.005221876283016286, "v28v60": 0.010281237169837143, "v28v61": 0.009900609005063638, "v34v66": 0.010315450937457232, "v44v77": 0.010777336800328453, "v44v76": 0.010820104009853565, "v47v78": 0.0053373477487340905, "v47v79": 0.0053758382373066925, "v22v55": 0.010542117147940332, "v22v54": 0.010418092240317504, "v10v28": 0.009733816887915697, "v39v70": 0.005217599562063775, "v10v20": 0.010520733543177774, "v0v42": 0.010392431914602436, "v34v67": 0.010195702750786916, "v10v24": 0.010195702750786916, "v10v26": 0.010430922403175037, "v40v73": 0.010302620774599699, "v40v72": 0.010448029286985083, "v37v68": 0.005439989051594362, "v37v69": 0.005204769399206241, "v10v16": 0.01037104830983988, "v10v22": 0.010448029286985083, "v10v18": 0.01057205419460791, "v46v79": 0.01053784042698782, "v46v78": 0.010798720405091009, "v1v39": 0.010285513890789653, "v1v37": 0.010328281100314767, "v36v68": 0.01067041877651567, "v1v35": 0.00993909949363624, "v25v57": 0.005315964143971534, "v1v33": 0.010319727658409744, "v1v31": 0.010195702750786916, "v10v32": 0.009930546051731217, "v26v59": 0.0108714246612837, "v26v58": 0.01093557547557137, "v10v30": 0.010311174216504721, "v10v36": 0.01027696044888463, "v10v34": 0.009862118516491035, "v1v29": 0.009836458190775969, "v1v21": 0.010208532913644451, "v23v54": 0.005457095935404407, "v23v55": 0.0053630080744491585, "v1v25": 0.010187149308881894, "v1v27": 0.01027696044888463, "v20v53": 0.01083721089366361, "v20v52": 0.010820104009853565, "v0v46": 0.010666142055563158, "v24v56": 0.010131551936499247, "v33v64": 0.0052646434925413986, "v33v65": 0.0053886684001642265, "v41v72": 0.005273196934446421, "v41v73": 0.005162002189681127, "v17v48": 0.0050379772820583, "v17v49": 0.005204769399206241}}