{"60000": {"0": 0.6697222222222222, "1": 0.6644444444444444, "2": 0.66, "3": 0.6669444444444445, "4": 0.6722222222222223}}