{"60000": {"v10v44": 0.3434899999999891, "v18v50": 0.37424999999998476, "v18v51": 0.37915999999998384, "v16v49": 0.3567099999999867, "v16v48": 0.36999999999998645, "v38v70": 0.3745699999999858, "v38v71": 0.3364899999999905, "v27v58": 0.15908000000000092, "v27v59": 0.18235000000000096, "v1v47": 0.3666299999999869, "v1v45": 0.36951999999998436, "v1v43": 0.3530499999999871, "v1v41": 0.34869999999998963, "v41v72": 0.17474000000000087, "v32v65": 0.33872999999999004, "v32v64": 0.3637199999999848, "v21v52": 0.18481000000000097, "v21v53": 0.19718000000000097, "v34v66": 0.35191999999998735, "v0v16": 0.3573599999999893, "v29v61": 0.17544000000000087, "v29v60": 0.1843800000000009, "v0v18": 0.37730999999998416, "v1v37": 0.3809199999999857, "v19v51": 0.18248000000000095, "v19v50": 0.18412000000000098, "v43v74": 0.16305000000000094, "v43v75": 0.19184000000000095, "v42v75": 0.36985999999998526, "v42v74": 0.3292699999999891, "v31v62": 0.1749100000000009, "v31v63": 0.17734000000000094, "v30v63": 0.37614999999998655, "v30v62": 0.34305999999999, "v1v23": 0.3518999999999884, "v24v57": 0.3731599999999852, "v24v56": 0.3607899999999867, "v0v20": 0.3620999999999848, "v0v26": 0.3690199999999882, "v0v24": 0.352829999999987, "v10v46": 0.36982999999998584, "v0v28": 0.3344199999999898, "v10v42": 0.3413799999999878, "v10v40": 0.3566499999999869, "v45v76": 0.185090000000001, "v45v77": 0.18927000000000094, "v10v38": 0.34181999999998935, "v0v38": 0.35247999999998764, "v1v17": 0.3595299999999886, "v1v19": 0.3637599999999857, "v10v30": 0.34021999999999175, "v10v36": 0.36810999999998695, "v0v32": 0.33192999999999007, "v0v40": 0.371389999999986, "v35v66": 0.17278000000000093, "v35v67": 0.1832900000000009, "v28v60": 0.36655999999998584, "v28v61": 0.32252999999999227, "v25v56": 0.1778600000000009, "v10v24": 0.3542999999999893, "v44v77": 0.36545999999998674, "v44v76": 0.352099999999987, "v47v78": 0.17757000000000092, "v47v79": 0.19012000000000095, "v22v55": 0.3512399999999873, "v22v54": 0.38661999999998353, "v10v28": 0.3331899999999903, "v41v73": 0.1814400000000009, "v10v20": 0.3595499999999869, "v10v22": 0.35630999999998614, "v34v67": 0.37479999999998587, "v0v44": 0.3630499999999857, "v10v26": 0.3477899999999883, "v40v73": 0.3705799999999856, "v40v72": 0.3724399999999853, "v37v68": 0.19964000000000096, "v37v69": 0.18944000000000086, "v10v16": 0.36522999999998473, "v0v42": 0.3474099999999881, "v10v18": 0.37095999999998525, "v46v79": 0.37053999999998566, "v46v78": 0.3771299999999845, "v1v39": 0.35424999999998724, "v36v69": 0.3663999999999878, "v36v68": 0.3755399999999865, "v1v35": 0.3478099999999889, "v25v57": 0.18442000000000094, "v1v33": 0.35385999999998907, "v10v32": 0.34615999999998814, "v1v31": 0.3417899999999872, "v0v34": 0.36092999999998737, "v26v59": 0.38945999999998554, "v26v58": 0.3473699999999881, "v0v36": 0.3581099999999898, "v0v30": 0.34978999999998767, "v10v34": 0.3492699999999882, "v1v29": 0.34907999999998934, "v1v21": 0.37802999999998327, "v23v54": 0.18592000000000092, "v23v55": 0.1719400000000009, "v1v25": 0.34895999999998784, "v1v27": 0.3315099999999901, "v20v53": 0.36833999999998396, "v20v52": 0.36334999999998674, "v0v46": 0.37747999999998455, "v0v22": 0.36442999999998693, "v33v64": 0.18410000000000093, "v33v65": 0.17738000000000087, "v39v71": 0.16719000000000095, "v39v70": 0.19138000000000094, "v17v48": 0.17857000000000092, "v17v49": 0.18102000000000093}}