{"60000": {"v10v44": 0.010763853280005469, "v18v50": 0.01081085700611903, "v18v51": 0.010221173896694356, "v16v49": 0.010597203705602845, "v16v48": 0.010887772194304857, "v23v55": 0.0052943287867910985, "v38v70": 0.01068266502580932, "v38v71": 0.010426281065189894, "v27v58": 0.005183229070522682, "v27v59": 0.005366970908966602, "v1v47": 0.010652753563737053, "v1v45": 0.010763853280005469, "v1v43": 0.010349365877004068, "v1v41": 0.010169897104570471, "v41v72": 0.005285782654770451, "v32v65": 0.010349365877004068, "v32v64": 0.0104091888011486, "v21v52": 0.005302874918811745, "v21v53": 0.0053498786449253065, "v34v66": 0.010127166444467234, "v0v16": 0.010716849553891909, "v29v61": 0.005157590674460739, "v29v60": 0.005042217892181998, "v0v18": 0.010439100263220867, "v1v37": 0.010212627764673708, "v19v51": 0.005110586948347178, "v19v50": 0.005405428503059515, "v43v74": 0.00512340614637815, "v43v75": 0.005396882371038868, "v42v75": 0.010793764742077735, "v1v35": 0.010114347246436263, "v31v62": 0.005144771476429768, "v31v63": 0.0051917752025433285, "v30v63": 0.010383550405086657, "v30v62": 0.010289542952859537, "v24v57": 0.010793764742077735, "v24v56": 0.010135712576487882, "v0v20": 0.01045619252726216, "v0v26": 0.01025963149078727, "v0v24": 0.010139985642498205, "v10v46": 0.010652753563737053, "v0v28": 0.009951970738043962, "v10v42": 0.010349365877004068, "v10v40": 0.010169897104570471, "v0v34": 0.010114347246436263, "v45v76": 0.005563531945441493, "v45v77": 0.005311421050832393, "v10v38": 0.010332273612962774, "v0v38": 0.010332273612962774, "v1v17": 0.010716849553891909, "v1v19": 0.010439100263220867, "v0v36": 0.010212627764673708, "v10v36": 0.010212627764673708, "v0v32": 0.009986155266126551, "v42v74": 0.0102468122927563, "v0v40": 0.010169897104570471, "v35v66": 0.005063583222233617, "v35v67": 0.00527296345673948, "v28v60": 0.010084435784363997, "v28v61": 0.010315181348921478, "v10v24": 0.010139985642498205, "v44v77": 0.010622842101664786, "v44v76": 0.011127063890882987, "v47v78": 0.005362697842956278, "v47v79": 0.005307147984822069, "v22v55": 0.010588657573582197, "v22v54": 0.010896318326325505, "v10v28": 0.009951970738043962, "v39v70": 0.00534133251290466, "v10v20": 0.01045619252726216, "v0v42": 0.010349365877004068, "v34v67": 0.01054592691347896, "v0v44": 0.010763853280005469, "v0v46": 0.010652753563737053, "v40v73": 0.010161350972549823, "v40v72": 0.010571565309540901, "v37v68": 0.005290055720780775, "v37v69": 0.0051362253444091205, "v10v16": 0.010716849553891909, "v10v22": 0.010460465593272485, "v10v18": 0.010439100263220867, "v46v79": 0.010614295969644139, "v46v78": 0.010725395685912556, "v1v39": 0.010332273612962774, "v36v69": 0.010272450688818241, "v36v68": 0.01058011144156155, "v25v56": 0.005067856288243941, "v25v57": 0.005396882371038868, "v1v33": 0.009986155266126551, "v1v31": 0.0099947013981472, "v10v32": 0.009986155266126551, "v26v59": 0.010733941817933204, "v26v58": 0.010366458141045363, "v10v30": 0.0099947013981472, "v0v30": 0.0099947013981472, "v10v34": 0.010114347246436263, "v1v29": 0.009951970738043962, "v1v21": 0.01045619252726216, "v23v54": 0.005448159163162753, "v1v23": 0.010460465593272485, "v1v25": 0.010139985642498205, "v1v27": 0.01025963149078727, "v20v53": 0.010699757289850613, "v20v52": 0.01060574983762349, "v0v22": 0.010460465593272485, "v33v64": 0.0052045944005743, "v33v65": 0.005174682938502034, "v10v26": 0.01025963149078727, "v39v71": 0.005213140532594947, "v41v73": 0.005080675486274912, "v17v48": 0.005443886097152429, "v17v49": 0.005298601852801422}}