{"60000": {"0": 0.6342777777777778, "1": 0.64, "2": 0.6381111111111111, "3": 0.6301111111111111, "4": 0.6486111111111111}}