{"60000": {"v10v44": 0.38482999999998274, "v18v50": 0.3654199999999848, "v18v51": 0.3565799999999871, "v16v49": 0.3615699999999858, "v16v48": 0.395569999999984, "v23v55": 0.18240000000000092, "v38v70": 0.3584099999999869, "v38v71": 0.36318999999998597, "v27v58": 0.18209000000000092, "v27v59": 0.19372000000000097, "v1v47": 0.3525599999999877, "v1v45": 0.37730999999998593, "v1v43": 0.3682899999999866, "v1v41": 0.35480999999998875, "v41v72": 0.18093000000000095, "v32v65": 0.37533999999998663, "v32v64": 0.3499099999999884, "v21v52": 0.18011000000000094, "v21v53": 0.18655000000000088, "v34v66": 0.35967999999998757, "v0v16": 0.3793299999999848, "v29v61": 0.18191000000000093, "v29v60": 0.1740500000000009, "v0v18": 0.34917999999998595, "v1v37": 0.3649799999999877, "v19v51": 0.19098000000000084, "v19v50": 0.1949300000000009, "v43v74": 0.1816700000000009, "v43v75": 0.193460000000001, "v42v75": 0.37798999999998467, "v1v35": 0.353949999999987, "v31v62": 0.1696000000000009, "v31v63": 0.17134000000000088, "v30v63": 0.3487899999999885, "v30v62": 0.33825999999999024, "v24v57": 0.3662399999999862, "v24v56": 0.3550399999999886, "v0v20": 0.3591699999999864, "v0v26": 0.3432199999999895, "v0v24": 0.34707999999998895, "v10v46": 0.3718299999999864, "v0v28": 0.3325999999999915, "v10v42": 0.3635899999999872, "v10v40": 0.34728999999998983, "v0v34": 0.34877999999999093, "v45v76": 0.193220000000001, "v45v77": 0.18675000000000094, "v10v38": 0.3465499999999884, "v0v38": 0.35876999999998654, "v1v17": 0.370399999999986, "v1v19": 0.38442999999998556, "v0v36": 0.34946999999998807, "v10v36": 0.3466499999999884, "v0v32": 0.3412999999999902, "v42v74": 0.36615999999998566, "v0v40": 0.3407099999999896, "v35v66": 0.16762000000000085, "v35v67": 0.1963500000000009, "v28v60": 0.3401099999999899, "v28v61": 0.33514999999999096, "v10v24": 0.3461399999999896, "v44v77": 0.37208999999998527, "v44v76": 0.39630999999998345, "v47v78": 0.18194000000000096, "v47v79": 0.17074000000000095, "v22v55": 0.3746699999999854, "v22v54": 0.37823999999998403, "v10v28": 0.32225999999999205, "v39v70": 0.1987100000000009, "v10v20": 0.3619899999999866, "v0v42": 0.36781999999998516, "v34v67": 0.3607399999999884, "v0v44": 0.3791899999999863, "v0v46": 0.36101999999998646, "v40v73": 0.34534999999998867, "v40v72": 0.35292999999998886, "v37v68": 0.18566000000000094, "v37v69": 0.18458000000000085, "v10v16": 0.3755699999999846, "v10v22": 0.3784699999999855, "v10v18": 0.3651599999999871, "v46v79": 0.36920999999998616, "v46v78": 0.36481999999998627, "v1v39": 0.3625299999999868, "v36v69": 0.3536499999999876, "v36v68": 0.35862999999998624, "v25v56": 0.15825000000000092, "v25v57": 0.178420000000001, "v1v33": 0.33988999999999087, "v1v31": 0.3319599999999922, "v10v32": 0.35304999999999065, "v26v59": 0.3611199999999868, "v26v58": 0.35712999999998646, "v10v30": 0.32866999999999136, "v0v30": 0.33477999999999064, "v10v34": 0.3553599999999873, "v1v29": 0.34951999999998706, "v1v21": 0.3624599999999863, "v23v54": 0.19147000000000094, "v1v23": 0.36624999999998636, "v1v25": 0.3278099999999903, "v1v27": 0.36342999999998665, "v20v53": 0.36416999999998584, "v20v52": 0.37196999999998526, "v0v22": 0.3507399999999884, "v33v64": 0.17143000000000091, "v33v65": 0.18438000000000088, "v10v26": 0.3587299999999874, "v39v71": 0.1710200000000009, "v41v73": 0.18090000000000087, "v17v48": 0.19003000000000098, "v17v49": 0.18149000000000096}}