{"60000": {"v10v44": 0.010314926254697357, "v18v50": 0.010747211545869322, "v18v51": 0.01077717191258421, "v16v49": 0.010524648821701578, "v16v48": 0.010610249869458402, "v38v70": 0.010725811283930116, "v38v71": 0.010053843059039043, "v27v58": 0.00512750276063379, "v27v59": 0.005362905641965058, "v1v47": 0.0104647280882718, "v1v45": 0.010541769031252942, "v1v43": 0.010404807354842024, "v1v41": 0.009985362220833583, "v41v72": 0.004947740560344458, "v32v65": 0.010105203687693137, "v32v64": 0.01025072546887974, "v21v52": 0.0053115450133109626, "v21v53": 0.0055341077374787065, "v34v66": 0.010310646202309516, "v0v16": 0.010550329136028625, "v29v61": 0.005114662603470267, "v29v60": 0.005183143441675726, "v0v18": 0.010781451964972051, "v1v37": 0.01035772677857577, "v19v51": 0.005247344227493345, "v19v50": 0.005414266270619152, "v43v74": 0.005157463127348679, "v43v75": 0.005375745799128581, "v42v75": 0.010657330445724656, "v42v74": 0.010297806045145992, "v31v62": 0.005106102498694584, "v31v63": 0.005251624279881186, "v30v63": 0.010280685835594628, "v30v62": 0.010588849607519196, "v1v23": 0.010173684525898598, "v24v57": 0.010725811283930116, "v24v56": 0.010302086097533834, "v0v20": 0.010623090026621925, "v0v26": 0.010537488978865101, "v0v24": 0.010507528612150213, "v10v46": 0.010653050393336815, "v0v28": 0.010160844368735072, "v10v42": 0.010148004211571549, "v10v40": 0.010314926254697357, "v45v76": 0.005418546323006993, "v45v77": 0.005277304594208233, "v10v38": 0.009942561696955171, "v0v38": 0.01032348635947304, "v1v17": 0.010524648821701578, "v1v19": 0.010524648821701578, "v10v30": 0.009848400544422663, "v10v36": 0.010541769031252942, "v0v32": 0.009805600020544251, "v0v40": 0.010272125730818945, "v35v66": 0.005204543703614933, "v35v67": 0.00516174317973652, "v28v60": 0.010588849607519196, "v28v61": 0.01000676248277279, "v25v56": 0.005191703546451408, "v10v24": 0.009912601330240281, "v44v77": 0.01049896850737453, "v44v76": 0.01073865144109364, "v47v78": 0.005217383860778456, "v47v79": 0.005264464437044709, "v22v55": 0.010481848297823166, "v22v54": 0.010969774270037065, "v10v28": 0.009784199758605045, "v41v73": 0.005166023232124361, "v10v20": 0.010661610498112498, "v10v22": 0.010400527302454181, "v34v67": 0.010490408402598848, "v0v44": 0.010691570864827386, "v10v26": 0.010190804735449963, "v40v73": 0.01035772677857577, "v40v72": 0.010623090026621925, "v37v68": 0.005482747108824612, "v37v69": 0.005234504070329821, "v10v16": 0.01053320892647726, "v0v42": 0.010404807354842024, "v10v18": 0.010546049083640784, "v46v79": 0.010888453274668083, "v46v78": 0.010956934112873542, "v1v39": 0.010173684525898598, "v36v69": 0.010297806045145992, "v36v68": 0.010730091336317957, "v1v35": 0.010126603949632343, "v25v57": 0.005255904332269027, "v1v33": 0.01011804384485666, "v10v32": 0.009891201068301075, "v1v31": 0.00993828164456733, "v0v34": 0.010053843059039043, "v26v59": 0.010905573484219448, "v26v58": 0.01053320892647726, "v0v36": 0.009852680596810505, "v0v30": 0.010207924945001327, "v10v34": 0.010267845678431104, "v1v29": 0.00997252206367006, "v1v21": 0.010683010760051704, "v23v54": 0.005268744489432551, "v23v55": 0.005084702236755378, "v1v25": 0.010156564316347231, "v1v27": 0.010148004211571549, "v20v53": 0.010909853536607289, "v20v52": 0.010734371388705798, "v0v46": 0.011140976365550715, "v0v22": 0.010486128350211007, "v33v64": 0.005277304594208233, "v33v65": 0.005123222708245949, "v39v71": 0.005144622970185155, "v39v70": 0.005243064175105503, "v17v48": 0.005225943965554139, "v17v49": 0.005307264960923121}}